,policy_id,monthly_premium_est,insurance_tier,charges,customer_id,region_id
0,1,1407.08,Platinum,16884.92,1.0,1.0
1,2,143.8,Bronze,1725.55,2.0,2.0
2,3,370.79,Silver,4449.46,3.0,2.0
3,4,1832.04,Diamond,21984.47,4.0,3.0
4,5,322.24,Bronze,3866.86,5.0,3.0
5,6,313.05,Bronze,3756.62,6.0,2.0
6,7,686.72,Gold,8240.59,7.0,2.0
7,8,606.79,Silver,7281.51,8.0,3.0
8,9,533.87,Silver,6406.41,9.0,4.0
9,10,226.78,Bronze,2721.32,10.0,4.0
10,11,2317.39,Diamond,27808.73,11.0,2.0
11,12,924.23,Gold,11090.72,12.0,2.0
12,13,3300.98,Diamond,39611.76,13.0,2.0
13,14,153.1,Bronze,1837.24,14.0,1.0
14,15,899.78,Gold,10797.34,15.0,4.0
15,16,199.6,Bronze,2395.17,16.0,4.0
16,17,883.53,Gold,10602.38,17.0,1.0
17,18,3069.79,Diamond,36837.47,18.0,1.0
18,19,1102.4,Platinum,13228.85,19.0,4.0
19,20,345.81,Silver,4149.74,20.0,1.0
20,21,94.75,Bronze,1137.01,21.0,4.0
21,22,3141.82,Diamond,37701.88,22.0,3.0
22,23,516.99,Silver,6203.9,23.0,2.0
23,24,1166.76,Platinum,14001.13,24.0,4.0
24,25,1204.32,Platinum,14451.84,25.0,3.0
25,26,1022.39,Platinum,12268.63,26.0,3.0
26,27,231.27,Bronze,2775.19,27.0,1.0
27,28,3225.92,Diamond,38711.0,28.0,1.0
28,29,2965.46,Diamond,35585.58,29.0,4.0
29,30,183.18,Bronze,2198.19,30.0,3.0
30,31,390.65,Silver,4687.8,31.0,1.0
31,32,1147.51,Platinum,13770.1,32.0,3.0
32,33,4266.21,Diamond,51194.56,33.0,3.0
33,34,135.45,Bronze,1625.43,34.0,1.0
34,35,1301.02,Platinum,15612.19,35.0,4.0
35,36,191.86,Bronze,2302.3,36.0,1.0
36,37,3314.52,Diamond,39774.28,37.0,4.0
37,38,4014.45,Diamond,48173.36,38.0,2.0
38,39,253.84,Bronze,3046.06,39.0,2.0
39,40,412.48,Silver,4949.76,40.0,4.0
40,41,522.71,Silver,6272.48,41.0,1.0
41,42,526.15,Silver,6313.76,42.0,3.0
42,43,506.64,Silver,6079.67,43.0,2.0
43,44,1719.19,Diamond,20630.28,44.0,2.0
44,45,282.78,Bronze,3393.36,45.0,3.0
45,46,296.41,Bronze,3556.92,46.0,1.0
46,47,1052.49,Platinum,12629.9,47.0,3.0
47,48,3225.76,Diamond,38709.18,48.0,3.0
48,49,184.26,Bronze,2211.13,49.0,4.0
49,50,298.32,Bronze,3579.83,50.0,2.0
50,51,1964.02,Diamond,23568.27,51.0,3.0
51,52,3145.22,Diamond,37742.58,52.0,4.0
52,53,671.64,Gold,8059.68,53.0,2.0
53,54,3958.04,Diamond,47496.49,54.0,3.0
54,55,1133.95,Platinum,13607.37,55.0,3.0
55,56,2858.6,Diamond,34303.17,56.0,1.0
56,57,1937.07,Diamond,23244.79,57.0,3.0
57,58,499.13,Silver,5989.52,58.0,2.0
58,59,717.18,Gold,8606.22,59.0,2.0
59,60,375.39,Silver,4504.66,60.0,4.0
60,61,2513.88,Diamond,30166.62,61.0,1.0
61,62,344.47,Silver,4133.64,62.0,2.0
62,63,1225.98,Platinum,14711.74,63.0,1.0
63,64,145.27,Bronze,1743.21,64.0,3.0
64,65,1186.26,Platinum,14235.07,65.0,2.0
65,66,532.45,Silver,6389.38,66.0,2.0
66,67,493.34,Silver,5920.1,67.0,4.0
67,68,1471.93,Platinum,17663.14,68.0,3.0
68,69,1381.48,Platinum,16577.78,69.0,4.0
69,70,566.62,Silver,6799.46,70.0,2.0
70,71,978.48,Platinum,11741.73,71.0,3.0
71,72,995.55,Platinum,11946.63,72.0,1.0
72,73,643.9,Gold,7726.85,73.0,3.0
73,74,946.39,Gold,11356.66,74.0,3.0
74,75,328.95,Bronze,3947.41,75.0,1.0
75,76,127.71,Bronze,1532.47,76.0,3.0
76,77,229.58,Bronze,2755.02,77.0,2.0
77,78,547.58,Silver,6571.02,78.0,3.0
78,79,370.1,Silver,4441.21,79.0,4.0
79,80,661.27,Gold,7935.29,80.0,3.0
80,81,3097.1,Diamond,37165.16,81.0,1.0
81,82,919.47,Gold,11033.66,82.0,2.0
82,83,3319.71,Diamond,39836.52,83.0,1.0
83,84,1758.21,Diamond,21098.55,84.0,2.0
84,85,3631.58,Diamond,43578.94,85.0,4.0
85,86,922.76,Gold,11073.18,86.0,1.0
86,87,668.89,Gold,8026.67,87.0,1.0
87,88,923.55,Gold,11082.58,88.0,4.0
88,89,168.91,Bronze,2026.97,89.0,2.0
89,90,911.84,Gold,10942.13,90.0,1.0
90,91,2515.41,Diamond,30184.94,91.0,3.0
91,92,477.42,Silver,5729.01,92.0,3.0
92,93,3940.92,Diamond,47291.06,93.0,2.0
93,94,313.91,Bronze,3766.88,94.0,2.0
94,95,1008.78,Platinum,12105.32,95.0,3.0
95,96,852.19,Gold,10226.28,96.0,1.0
96,97,1867.72,Diamond,22412.65,97.0,1.0
97,98,1318.39,Platinum,15820.7,98.0,4.0
98,99,515.51,Silver,6186.13,99.0,4.0
99,100,303.76,Bronze,3645.09,100.0,2.0
100,101,1778.74,Diamond,21344.85,101.0,4.0
101,102,2578.52,Diamond,30942.19,102.0,4.0
102,103,416.99,Silver,5003.85,103.0,3.0
103,104,1463.36,Platinum,17560.38,104.0,4.0
104,105,194.29,Bronze,2331.52,105.0,1.0
105,106,323.11,Bronze,3877.3,106.0,3.0
106,107,238.93,Bronze,2867.12,107.0,4.0
107,108,3921.29,Diamond,47055.53,108.0,4.0
108,109,902.1,Gold,10825.25,109.0,4.0
109,110,990.11,Platinum,11881.36,110.0,2.0
110,111,387.23,Silver,4646.76,111.0,3.0
111,112,200.39,Bronze,2404.73,112.0,2.0
112,113,957.36,Platinum,11488.32,113.0,1.0
113,114,2521.67,Diamond,30260.0,114.0,4.0
114,115,948.44,Gold,11381.33,115.0,4.0
115,116,1592.31,Platinum,19107.78,116.0,2.0
116,117,716.78,Gold,8601.33,117.0,3.0
117,118,557.2,Silver,6686.43,118.0,3.0
118,119,645.03,Gold,7740.34,119.0,3.0
119,120,142.14,Bronze,1705.62,120.0,2.0
120,121,188.12,Bronze,2257.48,121.0,2.0
121,122,3296.37,Diamond,39556.49,122.0,4.0
122,123,842.92,Gold,10115.01,123.0,4.0
123,124,282.12,Bronze,3385.4,124.0,4.0
124,125,1423.42,Platinum,17081.08,125.0,3.0
125,126,802.88,Gold,9634.54,126.0,2.0
126,127,2727.85,Diamond,32734.19,127.0,2.0
127,128,506.87,Silver,6082.4,128.0,3.0
128,129,1067.95,Platinum,12815.44,129.0,2.0
129,130,1134.7,Platinum,13616.36,130.0,1.0
130,131,930.3,Gold,11163.57,131.0,1.0
131,132,136.05,Bronze,1632.56,132.0,4.0
132,133,204.77,Bronze,2457.21,133.0,1.0
133,134,179.64,Bronze,2155.68,134.0,3.0
134,135,105.12,Bronze,1261.44,135.0,4.0
135,136,170.47,Bronze,2045.69,136.0,1.0
136,137,2276.89,Diamond,27322.73,137.0,1.0
137,138,180.56,Bronze,2166.73,138.0,3.0
138,139,2281.33,Diamond,27375.9,139.0,1.0
139,140,290.88,Bronze,3490.55,140.0,3.0
140,141,1581.04,Platinum,18972.5,141.0,1.0
141,142,1513.16,Platinum,18157.88,142.0,4.0
142,143,1728.83,Diamond,20745.99,143.0,4.0
143,144,428.19,Silver,5138.26,144.0,3.0
144,145,3393.38,Diamond,40720.55,145.0,2.0
145,146,823.13,Gold,9877.61,146.0,4.0
146,147,913.31,Gold,10959.69,147.0,2.0
147,148,153.54,Bronze,1842.52,148.0,3.0
148,149,427.1,Silver,5125.22,149.0,2.0
149,150,649.14,Gold,7789.64,150.0,1.0
150,151,527.86,Silver,6334.34,151.0,3.0
151,152,1663.73,Platinum,19964.75,152.0,1.0
152,153,589.77,Silver,7077.19,153.0,2.0
153,154,579.06,Silver,6948.7,154.0,3.0
154,155,1768.64,Diamond,21223.68,155.0,4.0
155,156,1293.18,Platinum,15518.18,156.0,2.0
156,157,3079.19,Diamond,36950.26,157.0,3.0
157,158,1645.78,Platinum,19749.38,158.0,1.0
158,159,1779.06,Diamond,21348.71,159.0,4.0
159,160,3012.46,Diamond,36149.48,160.0,2.0
160,161,870.88,Gold,10450.55,161.0,4.0
161,162,429.34,Silver,5152.13,162.0,1.0
162,163,419.01,Silver,5028.15,163.0,3.0
163,164,867.26,Gold,10407.09,164.0,2.0
164,165,402.55,Silver,4830.63,165.0,1.0
165,166,510.73,Silver,6128.8,166.0,2.0
166,167,226.61,Bronze,2719.28,167.0,4.0
167,168,402.32,Silver,4827.9,168.0,1.0
168,169,1117.12,Platinum,13405.39,169.0,2.0
169,170,676.39,Gold,8116.68,170.0,2.0
170,171,141.23,Bronze,1694.8,171.0,1.0
171,172,437.17,Silver,5246.05,172.0,3.0
172,173,237.95,Bronze,2855.44,173.0,2.0
173,174,4068.7,Diamond,48824.45,174.0,4.0
174,175,537.99,Silver,6455.86,175.0,4.0
175,176,869.68,Gold,10436.1,176.0,1.0
176,177,735.27,Gold,8823.28,177.0,2.0
177,178,711.52,Gold,8538.29,178.0,4.0
178,179,977.99,Platinum,11735.88,179.0,2.0
179,180,135.98,Bronze,1631.82,180.0,1.0
180,181,333.78,Silver,4005.42,181.0,4.0
181,182,618.29,Gold,7419.48,182.0,4.0
182,183,644.29,Gold,7731.43,183.0,3.0
183,184,3646.11,Diamond,43753.34,184.0,2.0
184,185,331.83,Bronze,3981.98,185.0,3.0
185,186,443.8,Silver,5325.65,186.0,1.0
186,187,564.66,Silver,6775.96,187.0,2.0
187,188,410.24,Silver,4922.92,188.0,2.0
188,189,1046.47,Platinum,12557.61,189.0,2.0
189,190,406.99,Silver,4883.87,190.0,1.0
190,191,178.14,Bronze,2137.65,191.0,4.0
191,192,1003.7,Platinum,12044.34,192.0,1.0
192,193,94.79,Bronze,1137.47,193.0,3.0
193,194,136.63,Bronze,1639.56,194.0,3.0
194,195,470.81,Silver,5649.72,195.0,4.0
195,196,709.74,Gold,8516.83,196.0,4.0
196,197,803.69,Gold,9644.25,197.0,4.0
197,198,1241.79,Platinum,14901.52,198.0,3.0
198,199,177.56,Bronze,2130.68,199.0,2.0
199,200,739.26,Gold,8871.15,200.0,1.0
200,201,1084.35,Platinum,13012.21,201.0,1.0
201,202,3094.49,Diamond,37133.9,202.0,2.0
202,203,595.59,Silver,7147.1,203.0,3.0
203,204,361.48,Silver,4337.74,204.0,1.0
204,205,978.61,Platinum,11743.3,205.0,2.0
205,206,1748.67,Diamond,20984.09,206.0,4.0
206,207,1156.75,Platinum,13880.95,207.0,2.0
207,208,550.84,Silver,6610.11,208.0,2.0
208,209,165.01,Bronze,1980.07,209.0,1.0
209,210,680.23,Gold,8162.72,210.0,3.0
210,211,294.81,Bronze,3537.7,211.0,4.0
211,212,416.9,Silver,5002.78,212.0,3.0
212,213,710.0,Gold,8520.03,213.0,1.0
213,214,614.31,Silver,7371.77,214.0,4.0
214,215,862.97,Gold,10355.64,215.0,1.0
215,216,206.98,Bronze,2483.74,216.0,1.0
216,217,282.75,Bronze,3392.98,217.0,3.0
217,218,2090.15,Diamond,25081.77,218.0,3.0
218,219,417.71,Silver,5012.47,219.0,4.0
219,220,880.41,Gold,10564.88,220.0,4.0
220,221,437.79,Silver,5253.52,221.0,1.0
221,222,2898.3,Diamond,34779.62,222.0,2.0
222,223,1626.3,Platinum,19515.54,223.0,3.0
223,224,998.93,Platinum,11987.17,224.0,1.0
224,225,224.12,Bronze,2689.5,225.0,4.0
225,226,2018.94,Diamond,24227.34,226.0,2.0
226,227,613.18,Silver,7358.18,227.0,4.0
227,228,768.77,Gold,9225.26,228.0,2.0
228,229,620.3,Gold,7443.64,229.0,1.0
229,230,1166.77,Platinum,14001.29,230.0,4.0
230,231,143.98,Bronze,1727.78,231.0,3.0
231,232,1027.82,Platinum,12333.83,232.0,2.0
232,233,559.18,Silver,6710.19,233.0,4.0
233,234,1620.36,Platinum,19444.27,234.0,1.0
234,235,134.65,Bronze,1615.77,235.0,1.0
235,236,371.93,Silver,4463.21,236.0,4.0
236,237,1446.06,Platinum,17352.68,237.0,4.0
237,238,596.06,Silver,7152.67,238.0,2.0
238,239,3209.3,Diamond,38511.63,239.0,3.0
239,240,446.17,Silver,5354.07,240.0,4.0
240,241,2930.01,Diamond,35160.13,241.0,3.0
241,242,599.74,Silver,7196.87,242.0,2.0
242,243,2460.26,Diamond,29523.17,243.0,4.0
243,244,2039.71,Diamond,24476.48,244.0,4.0
244,245,1054.06,Platinum,12648.7,245.0,2.0
245,246,165.58,Bronze,1986.93,246.0,3.0
246,247,152.67,Bronze,1832.09,247.0,4.0
247,248,336.71,Silver,4040.56,248.0,1.0
248,249,1069.12,Platinum,12829.46,249.0,1.0
249,250,3942.11,Diamond,47305.3,250.0,3.0
250,251,3688.4,Diamond,44260.75,251.0,2.0
251,252,355.06,Silver,4260.74,252.0,1.0
252,253,3424.76,Diamond,41097.16,253.0,2.0
253,254,1087.28,Platinum,13047.33,254.0,2.0
254,255,3660.1,Diamond,43921.18,255.0,4.0
255,256,450.08,Silver,5400.98,256.0,2.0
256,257,960.01,Platinum,11520.1,257.0,2.0
257,258,2812.52,Diamond,33750.29,258.0,2.0
258,259,986.43,Platinum,11837.16,259.0,4.0
259,260,1423.77,Platinum,17085.27,260.0,4.0
260,261,2072.49,Diamond,24869.84,261.0,3.0
261,262,3018.28,Diamond,36219.41,262.0,1.0
262,263,1705.25,Diamond,20463.0,263.0,1.0
263,264,3845.93,Diamond,46151.12,264.0,2.0
264,265,1431.63,Platinum,17179.52,265.0,3.0
265,266,1215.89,Platinum,14590.63,266.0,1.0
266,267,620.09,Gold,7441.05,267.0,1.0
267,268,773.54,Gold,9282.48,268.0,1.0
268,269,143.29,Bronze,1719.44,269.0,1.0
269,270,3571.4,Diamond,42856.84,270.0,2.0
270,271,605.48,Silver,7265.7,271.0,4.0
271,272,801.47,Gold,9617.66,272.0,3.0
272,273,210.26,Bronze,2523.17,273.0,4.0
273,274,809.65,Gold,9715.84,274.0,4.0
274,275,233.64,Bronze,2803.7,275.0,3.0
275,276,179.21,Bronze,2150.47,276.0,2.0
276,277,1077.4,Platinum,12928.79,277.0,3.0
277,278,821.26,Gold,9855.13,278.0,1.0
278,279,1860.96,Diamond,22331.57,279.0,1.0
279,280,4045.76,Diamond,48549.18,280.0,4.0
280,281,353.09,Silver,4237.13,281.0,1.0
281,282,989.92,Platinum,11879.1,282.0,1.0
282,283,802.16,Gold,9625.92,283.0,2.0
283,284,645.18,Gold,7742.11,284.0,2.0
284,285,786.08,Gold,9432.93,285.0,3.0
285,286,1188.02,Platinum,14256.19,286.0,4.0
286,287,3991.4,Diamond,47896.79,287.0,1.0
287,288,2166.07,Diamond,25992.82,288.0,4.0
288,289,264.33,Bronze,3172.02,289.0,2.0
289,290,1689.82,Diamond,20277.81,290.0,4.0
290,291,3509.35,Diamond,42112.24,291.0,2.0
291,292,179.73,Bronze,2156.75,292.0,2.0
292,293,325.51,Bronze,3906.13,293.0,2.0
293,294,142.05,Bronze,1704.57,294.0,2.0
294,295,1358.15,Platinum,16297.85,295.0,4.0
295,296,1831.56,Diamond,21978.68,296.0,4.0
296,297,3228.86,Diamond,38746.36,297.0,1.0
297,298,770.79,Gold,9249.5,298.0,1.0
298,299,562.23,Silver,6746.74,299.0,3.0
299,300,2072.78,Diamond,24873.38,300.0,3.0
300,301,1022.13,Platinum,12265.51,301.0,4.0
301,302,362.46,Silver,4349.46,302.0,2.0
302,303,1053.85,Platinum,12646.21,303.0,3.0
303,304,1620.2,Platinum,19442.35,304.0,1.0
304,305,1681.47,Platinum,20177.67,305.0,3.0
305,306,345.92,Silver,4151.03,306.0,3.0
306,307,995.38,Platinum,11944.59,307.0,2.0
307,308,645.76,Gold,7749.16,308.0,4.0
308,309,703.71,Gold,8444.47,309.0,2.0
309,310,144.78,Bronze,1737.38,310.0,1.0
310,311,3510.38,Diamond,42124.52,311.0,2.0
311,312,677.03,Gold,8124.41,312.0,3.0
312,313,2903.24,Diamond,34838.87,313.0,2.0
313,314,810.23,Gold,9722.77,314.0,1.0
314,315,736.27,Gold,8835.26,315.0,2.0
315,316,869.59,Gold,10435.07,316.0,3.0
316,317,618.43,Gold,7421.19,317.0,1.0
317,318,388.97,Silver,4667.61,318.0,1.0
318,319,407.9,Silver,4894.75,319.0,4.0
319,320,2055.97,Diamond,24671.66,320.0,4.0
320,321,2957.64,Diamond,35491.64,321.0,4.0
321,322,963.86,Platinum,11566.3,322.0,2.0
322,323,238.84,Bronze,2866.09,323.0,1.0
323,324,550.02,Silver,6600.21,324.0,3.0
324,325,296.82,Bronze,3561.89,325.0,4.0
325,326,3563.38,Diamond,42760.5,326.0,1.0
326,327,3994.0,Diamond,47928.03,327.0,3.0
327,328,762.05,Gold,9144.56,328.0,2.0
328,329,4043.13,Diamond,48517.56,329.0,4.0
329,330,2032.8,Diamond,24393.62,330.0,4.0
330,331,1119.09,Platinum,13429.04,331.0,2.0
331,332,971.53,Platinum,11658.38,332.0,3.0
332,333,1595.38,Platinum,19144.58,333.0,3.0
333,334,1151.9,Platinum,13822.8,334.0,4.0
334,335,1011.88,Platinum,12142.58,335.0,4.0
335,336,1161.47,Platinum,13937.67,336.0,1.0
336,337,3493.26,Diamond,41919.1,337.0,2.0
337,338,686.05,Gold,8232.64,338.0,4.0
338,339,1579.6,Platinum,18955.22,339.0,3.0
339,340,1112.68,Platinum,13352.1,340.0,2.0
340,341,1101.42,Platinum,13217.09,341.0,1.0
341,342,1165.15,Platinum,13981.85,342.0,4.0
342,343,914.77,Gold,10977.21,343.0,3.0
343,344,515.36,Silver,6184.3,344.0,3.0
344,345,407.5,Silver,4890.0,345.0,1.0
345,346,694.54,Gold,8334.46,346.0,1.0
346,347,456.5,Silver,5478.04,347.0,2.0
347,348,136.31,Bronze,1635.73,348.0,3.0
348,349,985.88,Platinum,11830.61,349.0,4.0
349,350,744.34,Gold,8932.08,350.0,3.0
350,351,296.18,Bronze,3554.2,351.0,3.0
351,352,1033.74,Platinum,12404.88,352.0,4.0
352,353,1177.75,Platinum,14133.04,353.0,3.0
353,354,2050.25,Diamond,24603.05,354.0,3.0
354,355,745.34,Gold,8944.12,355.0,1.0
355,356,801.69,Gold,9620.33,356.0,3.0
356,357,153.11,Bronze,1837.28,357.0,4.0
357,358,133.96,Bronze,1607.51,358.0,2.0
358,359,836.94,Gold,10043.25,359.0,1.0
359,360,395.92,Silver,4751.07,360.0,1.0
360,361,1153.71,Platinum,13844.51,361.0,1.0
361,362,216.48,Bronze,2597.78,362.0,1.0
362,363,265.04,Bronze,3180.51,363.0,2.0
363,364,814.86,Gold,9778.35,364.0,3.0
364,365,1119.19,Platinum,13430.26,365.0,1.0
365,366,668.09,Gold,8017.06,366.0,3.0
366,367,676.36,Gold,8116.27,367.0,3.0
367,368,290.16,Bronze,3481.87,368.0,1.0
368,369,1117.92,Platinum,13415.04,369.0,3.0
369,370,1002.44,Platinum,12029.29,370.0,1.0
370,371,636.62,Gold,7639.42,,
371,372,3007.1,Diamond,36085.22,,
372,373,115.96,Bronze,1391.53,,
373,374,1502.83,Platinum,18033.97,,
374,375,1804.99,Diamond,21659.93,,
375,376,3177.19,Diamond,38126.25,,
376,377,1371.31,Platinum,16455.71,,
377,378,2250.08,Diamond,27000.98,,
378,379,1250.55,Platinum,15006.58,,
379,380,3525.31,Diamond,42303.69,,
380,381,1731.79,Diamond,20781.49,,
381,382,487.24,Silver,5846.92,,
382,383,691.88,Gold,8302.54,,
383,384,105.15,Bronze,1261.86,,
384,385,988.03,Platinum,11856.41,,
385,386,2523.72,Diamond,30284.64,,
386,387,264.74,Bronze,3176.82,,
387,388,384.84,Silver,4618.08,,
388,389,894.74,Gold,10736.87,,
389,390,178.17,Bronze,2138.07,,
390,391,747.0,Gold,8964.06,,
391,392,774.18,Gold,9290.14,,
392,393,784.25,Gold,9411.0,,
393,394,627.23,Gold,7526.71,,
394,395,710.17,Gold,8522.0,,
395,396,1382.21,Platinum,16586.5,,
396,397,1249.04,Platinum,14988.43,,
397,398,135.97,Bronze,1631.67,,
398,399,772.07,Gold,9264.8,,
399,400,673.66,Gold,8083.92,,
400,401,1224.39,Platinum,14692.67,,
401,402,855.79,Gold,10269.46,,
402,403,271.68,Bronze,3260.2,,
403,404,949.74,Gold,11396.9,,
404,405,348.76,Silver,4185.1,,
405,406,711.64,Gold,8539.67,,
406,407,554.38,Silver,6652.53,,
407,408,339.54,Silver,4074.45,,
408,409,135.11,Bronze,1621.34,,
409,410,1632.9,Platinum,19594.81,,
410,411,1204.64,Platinum,14455.64,,
411,412,423.34,Silver,5080.1,,
412,413,177.91,Bronze,2134.9,,
413,414,612.14,Silver,7345.73,,
414,415,761.75,Gold,9140.95,,
415,416,1550.69,Platinum,18608.26,,
416,417,1201.52,Platinum,14418.28,,
417,418,2412.54,Diamond,28950.47,,
418,419,3907.44,Diamond,46889.26,,
419,420,3883.26,Diamond,46599.11,,
420,421,3260.44,Diamond,39125.33,,
421,422,227.28,Bronze,2727.4,,
422,423,747.36,Gold,8968.33,,
423,424,815.74,Gold,9788.87,,
424,425,546.26,Silver,6555.07,,
425,426,610.31,Silver,7323.73,,
426,427,263.96,Bronze,3167.46,,
427,428,1567.06,Platinum,18804.75,,
428,429,1923.58,Diamond,23082.96,,
429,430,408.87,Silver,4906.41,,
430,431,497.48,Silver,5969.72,,
431,432,1053.18,Platinum,12638.2,,
432,433,353.63,Silver,4243.59,,
433,434,1159.98,Platinum,13919.82,,
434,435,187.9,Bronze,2254.8,,
435,436,493.9,Silver,5926.85,,
436,437,1049.38,Platinum,12592.53,,
437,438,241.44,Bronze,2897.32,,
438,439,394.86,Silver,4738.27,,
439,440,3089.95,Diamond,37079.37,,
440,441,95.78,Bronze,1149.4,,
441,442,2357.33,Diamond,28287.9,,
442,443,2175.78,Diamond,26109.33,,
443,444,612.09,Silver,7345.08,,
444,445,1060.92,Platinum,12731.0,,
445,446,954.5,Platinum,11454.02,,
446,447,492.58,Silver,5910.94,,
447,448,396.86,Silver,4762.33,,
448,449,626.02,Gold,7512.27,,
449,450,336.02,Silver,4032.24,,
450,451,164.13,Bronze,1969.61,,
451,452,147.46,Bronze,1769.53,,
452,453,390.53,Silver,4686.39,,
453,454,1816.42,Diamond,21797.0,,
454,455,990.16,Platinum,11881.97,,
455,456,986.73,Platinum,11840.78,,
456,457,883.45,Gold,10601.41,,
457,458,640.22,Gold,7682.67,,
458,459,865.12,Gold,10381.48,,
459,460,1845.34,Diamond,22144.03,,
460,461,1269.19,Platinum,15230.32,,
461,462,930.45,Gold,11165.42,,
462,463,136.0,Bronze,1632.04,,
463,464,1626.83,Platinum,19521.97,,
464,465,1102.06,Platinum,13224.69,,
465,466,1053.62,Platinum,12643.38,,
466,467,1940.74,Diamond,23288.93,,
467,468,183.42,Bronze,2201.1,,
468,469,208.09,Bronze,2497.04,,
469,470,183.62,Bronze,2203.47,,
470,471,145.37,Bronze,1744.46,,
471,472,1739.9,Diamond,20878.78,,
472,473,2115.19,Diamond,25382.3,,
473,474,2405.72,Diamond,28868.66,,
474,475,2928.96,Diamond,35147.53,,
475,476,211.2,Bronze,2534.39,,
476,477,127.86,Bronze,1534.3,,
477,478,152.02,Bronze,1824.29,,
478,479,1296.27,Platinum,15555.19,,
479,480,775.39,Gold,9304.7,,
480,481,135.18,Bronze,1622.19,,
481,482,823.34,Gold,9880.07,,
482,483,796.92,Gold,9563.03,,
483,484,362.25,Silver,4347.02,,
484,485,1039.61,Platinum,12475.35,,
485,486,104.5,Bronze,1253.94,,
486,487,4073.76,Diamond,48885.14,,
487,488,871.83,Gold,10461.98,,
488,489,145.73,Bronze,1748.77,,
489,490,2042.76,Diamond,24513.09,,
490,491,183.04,Bronze,2196.47,,
491,492,1047.84,Platinum,12574.05,,
492,493,1495.18,Platinum,17942.11,,
493,494,163.92,Bronze,1967.02,,
494,495,410.97,Silver,4931.65,,
495,496,669.0,Gold,8027.97,,
496,497,684.26,Gold,8211.1,,
497,498,1122.57,Platinum,13470.86,,
498,499,3016.48,Diamond,36197.7,,
499,500,569.78,Silver,6837.37,,
500,501,1851.51,Diamond,22218.11,,
501,502,2712.36,Diamond,32548.34,,
502,503,497.86,Silver,5974.38,,
503,504,566.4,Silver,6796.86,,
504,505,220.27,Bronze,2643.27,,
505,506,256.42,Bronze,3077.1,,
506,507,253.68,Bronze,3044.21,,
507,508,954.61,Platinum,11455.28,,
508,509,980.25,Platinum,11763.0,,
509,510,208.2,Bronze,2498.41,,
510,511,780.11,Gold,9361.33,,
511,512,104.69,Bronze,1256.3,,
512,513,1756.85,Diamond,21082.16,,
513,514,946.9,Gold,11362.76,,
514,515,2310.36,Diamond,27724.29,,
515,516,701.12,Gold,8413.46,,
516,517,436.73,Silver,5240.77,,
517,518,321.48,Bronze,3857.76,,
518,519,2138.05,Diamond,25656.58,,
519,520,332.85,Bronze,3994.18,,
520,521,822.19,Gold,9866.3,,
521,522,449.8,Silver,5397.62,,
522,523,3187.13,Diamond,38245.59,,
523,524,956.89,Platinum,11482.63,,
524,525,2004.97,Diamond,24059.68,,
525,526,821.75,Gold,9861.02,,
526,527,695.24,Gold,8342.91,,
527,528,142.33,Bronze,1708.0,,
528,529,4056.29,Diamond,48675.52,,
529,530,1170.29,Platinum,14043.48,,
530,531,1077.16,Platinum,12925.89,,
531,532,1601.23,Platinum,19214.71,,
532,533,1152.59,Platinum,13831.12,,
533,534,505.59,Silver,6067.13,,
534,535,497.7,Silver,5972.38,,
535,536,735.42,Gold,8825.09,,
536,537,686.09,Gold,8233.1,,
537,538,2278.84,Diamond,27346.04,,
538,539,516.37,Silver,6196.45,,
539,540,254.7,Bronze,3056.39,,
540,541,1157.27,Platinum,13887.2,,
541,542,5314.2,Diamond,63770.43,,
542,543,852.62,Gold,10231.5,,
543,544,1983.94,Diamond,23807.24,,
544,545,272.4,Bronze,3268.85,,
545,546,961.54,Platinum,11538.42,,
546,547,267.8,Bronze,3213.62,,
547,548,3821.93,Diamond,45863.2,,
548,549,1115.88,Platinum,13390.56,,
549,550,331.08,Bronze,3972.92,,
550,551,1079.76,Platinum,12957.12,,
551,552,932.3,Gold,11187.66,,
552,553,1489.91,Platinum,17878.9,,
553,554,320.64,Bronze,3847.67,,
554,555,694.55,Gold,8334.59,,
555,556,327.93,Bronze,3935.18,,
556,557,3331.95,Diamond,39983.43,,
557,558,137.2,Bronze,1646.43,,
558,559,766.15,Gold,9193.84,,
559,560,910.33,Gold,10923.93,,
560,561,207.84,Bronze,2494.02,,
561,562,754.89,Gold,9058.73,,
562,563,233.44,Bronze,2801.26,,
563,564,177.37,Bronze,2128.43,,
564,565,531.13,Silver,6373.56,,
565,566,604.73,Silver,7256.72,,
566,567,962.74,Platinum,11552.9,,
567,568,3808.5,Diamond,45702.02,,
568,569,313.44,Bronze,3761.29,,
569,570,184.95,Bronze,2219.45,,
570,571,396.14,Silver,4753.64,,
571,572,2635.0,Diamond,31620.0,,
572,573,1102.0,Platinum,13224.06,,
573,574,1018.58,Platinum,12222.9,,
574,575,138.75,Bronze,1665.0,,
575,576,4880.92,Diamond,58571.07,,
576,577,810.38,Gold,9724.53,,
577,578,267.21,Bronze,3206.49,,
578,579,1076.17,Platinum,12913.99,,
579,580,529.69,Silver,6356.27,,
580,581,1468.85,Platinum,17626.24,,
581,582,103.57,Bronze,1242.82,,
582,583,398.3,Silver,4779.6,,
583,584,321.77,Bronze,3861.21,,
584,585,3661.99,Diamond,43943.88,,
585,586,1136.3,Platinum,13635.64,,
586,587,498.07,Silver,5976.83,,
587,588,986.87,Platinum,11842.44,,
588,589,702.34,Gold,8428.07,,
589,590,213.87,Bronze,2566.47,,
590,591,1279.92,Platinum,15359.1,,
591,592,475.76,Silver,5709.16,,
592,593,735.33,Gold,8823.99,,
593,594,636.69,Gold,7640.31,,
594,595,466.24,Silver,5594.85,,
595,596,620.12,Gold,7441.5,,
596,597,2789.33,Diamond,33471.97,,
597,598,136.09,Bronze,1633.04,,
598,599,764.51,Gold,9174.14,,
599,600,922.54,Gold,11070.54,,
600,601,1340.43,Platinum,16085.13,,
601,602,1455.75,Platinum,17468.98,,
602,603,773.63,Gold,9283.56,,
603,604,296.55,Bronze,3558.62,,
604,605,2139.9,Diamond,25678.78,,
605,606,369.59,Silver,4435.09,,
606,607,3270.12,Diamond,39241.44,,
607,608,712.31,Gold,8547.69,,
608,609,547.63,Silver,6571.54,,
609,610,183.98,Bronze,2207.7,,
610,611,562.75,Silver,6753.04,,
611,612,156.67,Bronze,1880.07,,
612,613,3580.82,Diamond,42969.85,,
613,614,971.51,Platinum,11658.12,,
614,615,1942.21,Diamond,23306.55,,
615,616,2869.99,Diamond,34439.86,,
616,617,892.8,Gold,10713.64,,
617,618,304.95,Bronze,3659.35,,
618,619,3348.52,Diamond,40182.25,,
619,620,765.18,Gold,9182.17,,
620,621,2884.82,Diamond,34617.84,,
621,622,1010.8,Platinum,12129.61,,
622,623,311.37,Bronze,3736.46,,
623,624,562.38,Silver,6748.59,,
624,625,943.89,Gold,11326.71,,
625,626,947.16,Gold,11365.95,,
626,627,3581.96,Diamond,42983.46,,
627,628,840.49,Gold,10085.85,,
628,629,164.82,Bronze,1977.82,,
629,630,280.56,Bronze,3366.67,,
630,631,597.78,Silver,7173.36,,
631,632,782.61,Gold,9391.35,,
632,633,1200.91,Platinum,14410.93,,
633,634,225.76,Bronze,2709.11,,
634,635,2076.25,Diamond,24915.05,,
635,636,1679.11,Platinum,20149.32,,
636,637,1079.1,Platinum,12949.16,,
637,638,555.52,Silver,6666.24,,
638,639,2732.29,Diamond,32787.46,,
639,640,1095.32,Platinum,13143.86,,
640,641,372.22,Silver,4466.62,,
641,642,1567.18,Platinum,18806.15,,
642,643,845.09,Gold,10141.14,,
643,644,510.3,Silver,6123.57,,
644,645,687.69,Gold,8252.28,,
645,646,142.69,Bronze,1712.23,,
646,647,1035.91,Platinum,12430.95,,
647,648,816.74,Gold,9800.89,,
648,649,881.64,Gold,10579.71,,
649,650,690.05,Gold,8280.62,,
650,651,710.63,Gold,8527.53,,
651,652,1020.38,Platinum,12244.53,,
652,653,2055.62,Diamond,24667.42,,
653,654,284.19,Bronze,3410.32,,
654,655,338.23,Silver,4058.71,,
655,656,2199.36,Diamond,26392.26,,
656,657,1199.53,Platinum,14394.4,,
657,658,536.3,Silver,6435.62,,
658,659,1849.37,Diamond,22192.44,,
659,660,429.05,Silver,5148.55,,
660,661,94.7,Bronze,1136.4,,
661,662,2253.16,Diamond,27037.91,,
662,663,3546.7,Diamond,42560.43,,
663,664,725.29,Gold,8703.46,,
664,665,3333.61,Diamond,40003.33,,
665,666,3809.18,Diamond,45710.21,,
666,667,541.69,Silver,6500.24,,
667,668,403.13,Silver,4837.58,,
668,669,328.63,Bronze,3943.6,,
669,670,366.64,Silver,4399.73,,
670,671,515.44,Silver,6185.32,,
671,672,3850.08,Diamond,46200.99,,
672,673,601.9,Silver,7222.79,,
673,674,1040.48,Platinum,12485.8,,
674,675,3844.21,Diamond,46130.53,,
675,676,1030.3,Platinum,12363.55,,
676,677,846.4,Gold,10156.78,,
677,678,215.44,Bronze,2585.27,,
678,679,103.52,Bronze,1242.26,,
679,680,3341.99,Diamond,40103.89,,
680,681,821.96,Gold,9863.47,,
681,682,397.17,Silver,4766.02,,
682,683,937.03,Gold,11244.38,,
683,684,644.14,Gold,7729.65,,
684,685,453.23,Silver,5438.75,,
685,686,2186.38,Diamond,26236.58,,
686,687,2900.54,Diamond,34806.47,,
687,688,175.34,Bronze,2104.11,,
688,689,672.35,Gold,8068.18,,
689,690,196.85,Bronze,2362.23,,
690,691,196.08,Bronze,2352.97,,
691,692,298.17,Bronze,3578.0,,
692,693,266.77,Bronze,3201.25,,
693,694,2432.21,Diamond,29186.48,,
694,695,3356.14,Diamond,40273.65,,
695,696,914.69,Gold,10976.25,,
696,697,291.72,Bronze,3500.61,,
697,698,168.38,Bronze,2020.55,,
698,699,795.14,Gold,9541.7,,
699,700,792.03,Gold,9504.31,,
700,701,448.78,Silver,5385.34,,
701,702,744.24,Gold,8930.93,,
702,703,447.92,Silver,5375.04,,
703,704,3700.03,Diamond,44400.41,,
704,705,855.37,Gold,10264.44,,
705,706,509.44,Silver,6113.23,,
706,707,455.75,Silver,5469.01,,
707,708,143.96,Bronze,1727.54,,
708,709,842.27,Gold,10107.22,,
709,710,692.57,Gold,8310.84,,
710,711,165.37,Bronze,1984.45,,
711,712,204.79,Bronze,2457.5,,
712,713,1012.25,Platinum,12146.97,,
713,714,797.25,Gold,9566.99,,
714,715,1092.72,Platinum,13112.6,,
715,716,904.01,Gold,10848.13,,
716,717,1019.3,Platinum,12231.61,,
717,718,822.97,Gold,9875.68,,
718,719,938.71,Gold,11264.54,,
719,720,1081.61,Platinum,12979.36,,
720,721,105.27,Bronze,1263.25,,
721,722,842.18,Gold,10106.13,,
722,723,3411.04,Diamond,40932.43,,
723,724,555.39,Silver,6664.69,,
724,725,1388.14,Platinum,16657.72,,
725,726,184.8,Bronze,2217.6,,
726,727,565.11,Silver,6781.35,,
727,728,1613.5,Platinum,19362.0,,
728,729,838.78,Gold,10065.41,,
729,730,352.91,Silver,4234.93,,
730,731,787.27,Gold,9447.25,,
731,732,1167.27,Platinum,14007.22,,
732,733,798.66,Gold,9583.89,,
733,734,3368.25,Diamond,40419.02,,
734,735,290.36,Bronze,3484.33,,
735,736,3015.76,Diamond,36189.1,,
736,737,3715.46,Diamond,44585.46,,
737,738,717.04,Gold,8604.48,,
738,739,1520.54,Platinum,18246.5,,
739,740,3604.54,Diamond,43254.42,,
740,741,313.15,Bronze,3757.84,,
741,742,735.6,Gold,8827.21,,
742,743,825.86,Gold,9910.36,,
743,744,978.15,Platinum,11737.85,,
744,745,135.61,Bronze,1627.28,,
745,746,713.08,Gold,8556.91,,
746,747,255.21,Bronze,3062.51,,
747,748,1628.27,Platinum,19539.24,,
748,749,158.86,Bronze,1906.36,,
749,750,1184.21,Platinum,14210.54,,
750,751,986.15,Platinum,11833.78,,
751,752,1427.37,Platinum,17128.43,,
752,753,419.27,Silver,5031.27,,
753,754,665.48,Gold,7985.82,,
754,755,1922.12,Diamond,23065.42,,
755,756,452.39,Silver,5428.73,,
756,757,3025.65,Diamond,36307.8,,
757,758,327.15,Bronze,3925.76,,
758,759,201.41,Bronze,2416.96,,
759,760,1586.74,Platinum,19040.88,,
760,761,255.9,Bronze,3070.81,,
761,762,757.92,Gold,9095.07,,
762,763,986.89,Platinum,11842.62,,
763,764,671.9,Gold,8062.76,,
764,765,587.55,Silver,7050.64,,
765,766,1193.25,Platinum,14319.03,,
766,767,577.77,Silver,6933.24,,
767,768,2328.44,Diamond,27941.29,,
768,769,929.23,Gold,11150.78,,
769,770,1066.43,Platinum,12797.21,,
770,771,1479.04,Platinum,17748.51,,
771,772,605.14,Silver,7261.74,,
772,773,880.04,Gold,10560.49,,
773,774,582.22,Silver,6986.7,,
774,775,620.7,Gold,7448.4,,
775,776,494.53,Silver,5934.38,,
776,777,822.48,Gold,9869.81,,
777,778,1521.6,Platinum,18259.22,,
778,779,95.57,Bronze,1146.8,,
779,780,782.18,Gold,9386.16,,
780,781,2043.35,Diamond,24520.26,,
781,782,362.54,Silver,4350.51,,
782,783,534.52,Silver,6414.18,,
783,784,1061.76,Platinum,12741.17,,
784,785,159.78,Bronze,1917.32,,
785,786,434.13,Silver,5209.58,,
786,787,1121.5,Platinum,13457.96,,
787,788,471.85,Silver,5662.22,,
788,789,104.37,Bronze,1252.41,,
789,790,227.66,Bronze,2731.91,,
790,791,1766.32,Diamond,21195.82,,
791,792,600.79,Silver,7209.49,,
792,793,1525.9,Platinum,18310.74,,
793,794,355.51,Silver,4266.17,,
794,795,393.29,Silver,4719.52,,
795,796,987.34,Platinum,11848.14,,
796,797,1492.04,Platinum,17904.53,,
797,798,587.23,Silver,7046.72,,
798,799,1192.82,Platinum,14313.85,,
799,800,175.26,Bronze,2103.08,,
800,801,3232.72,Diamond,38792.69,,
801,802,151.32,Bronze,1815.88,,
802,803,644.32,Gold,7731.86,,
803,804,2373.06,Diamond,28476.73,,
804,805,178.07,Bronze,2136.88,,
805,806,94.29,Bronze,1131.51,,
806,807,275.82,Bronze,3309.79,,
807,808,784.58,Gold,9414.92,,
808,809,530.08,Silver,6360.99,,
809,810,917.81,Gold,11013.71,,
810,811,369.07,Silver,4428.89,,
811,812,465.36,Silver,5584.31,,
812,813,156.49,Bronze,1877.93,,
813,814,236.9,Bronze,2842.76,,
814,815,299.8,Bronze,3597.6,,
815,816,1950.11,Diamond,23401.31,,
816,817,4594.62,Diamond,55135.4,,
817,818,620.49,Gold,7445.92,,
818,819,223.41,Bronze,2680.95,,
819,820,135.16,Bronze,1621.88,,
820,821,684.93,Gold,8219.2,,
821,822,1043.63,Platinum,12523.6,,
822,823,1339.09,Platinum,16069.08,,
823,824,3651.16,Diamond,43813.87,,
824,825,1731.14,Diamond,20773.63,,
825,826,3299.78,Diamond,39597.41,,
826,827,509.79,Silver,6117.49,,
827,828,1116.15,Platinum,13393.76,,
828,829,438.86,Silver,5266.37,,
829,830,393.31,Silver,4719.74,,
830,831,978.66,Platinum,11743.93,,
831,832,448.12,Silver,5377.46,,
832,833,596.69,Silver,7160.33,,
833,834,366.85,Silver,4402.23,,
834,835,971.48,Platinum,11657.72,,
835,836,533.52,Silver,6402.29,,
836,837,1051.85,Platinum,12622.18,,
837,838,127.19,Bronze,1526.31,,
838,839,1027.0,Platinum,12323.94,,
839,840,3001.75,Diamond,36021.01,,
840,841,2294.49,Diamond,27533.91,,
841,842,839.34,Gold,10072.06,,
842,843,3750.75,Diamond,45008.96,,
843,844,822.72,Gold,9872.7,,
844,845,203.17,Bronze,2438.06,,
845,846,247.84,Bronze,2974.13,,
846,847,883.47,Gold,10601.63,,
847,848,3105.85,Diamond,37270.15,,
848,849,1176.64,Platinum,14119.62,,
849,850,3509.3,Diamond,42111.66,,
850,851,977.47,Platinum,11729.68,,
851,852,2008.91,Diamond,24106.91,,
852,853,156.28,Bronze,1875.34,,
853,854,3414.51,Diamond,40974.16,,
854,855,1318.17,Platinum,15817.99,,
855,856,1518.18,Platinum,18218.16,,
856,857,913.79,Gold,10965.45,,
857,858,3842.79,Diamond,46113.51,,
858,859,595.92,Silver,7151.09,,
859,860,1022.47,Platinum,12269.69,,
860,861,454.84,Silver,5458.05,,
861,862,731.87,Gold,8782.47,,
862,863,550.03,Silver,6600.36,,
863,864,95.12,Bronze,1141.45,,
864,865,964.68,Platinum,11576.13,,
865,866,1094.13,Platinum,13129.6,,
866,867,365.97,Silver,4391.65,,
867,868,704.82,Gold,8457.82,,
868,869,282.7,Bronze,3392.37,,
869,870,497.24,Silver,5966.89,,
870,871,570.75,Silver,6849.03,,
871,872,740.93,Gold,8891.14,,
872,873,224.18,Bronze,2690.11,,
873,874,2178.36,Diamond,26140.36,,
874,875,554.48,Silver,6653.79,,
875,876,523.52,Silver,6282.24,,
876,877,526.0,Silver,6311.95,,
877,878,286.92,Bronze,3443.06,,
878,879,232.42,Bronze,2789.06,,
879,880,215.49,Bronze,2585.85,,
880,881,3854.59,Diamond,46255.11,,
881,882,406.5,Silver,4877.98,,
882,883,1643.31,Platinum,19719.69,,
883,884,2268.2,Diamond,27218.44,,
884,885,439.35,Silver,5272.18,,
885,886,140.22,Bronze,1682.6,,
886,887,995.43,Platinum,11945.13,,
887,888,2444.25,Diamond,29330.98,,
888,889,603.65,Silver,7243.81,,
889,890,868.58,Gold,10422.92,,
890,891,3683.55,Diamond,44202.65,,
891,892,1129.58,Platinum,13555.0,,
892,893,1088.66,Platinum,13063.88,,
893,894,1649.84,Platinum,19798.05,,
894,895,185.13,Bronze,2221.56,,
895,896,136.21,Bronze,1634.57,,
896,897,176.45,Bronze,2117.34,,
897,898,724.07,Gold,8688.86,,
898,899,4056.13,Diamond,48673.56,,
899,900,388.44,Silver,4661.29,,
900,901,677.15,Gold,8125.78,,
901,902,1053.72,Platinum,12644.59,,
902,903,380.35,Silver,4564.19,,
903,904,403.91,Silver,4846.92,,
904,905,636.14,Gold,7633.72,,
905,906,1264.17,Platinum,15170.07,,
906,907,1458.03,Platinum,17496.31,,
907,908,219.92,Bronze,2639.04,,
908,909,2811.06,Diamond,33732.69,,
909,910,1198.56,Platinum,14382.71,,
910,911,635.58,Gold,7626.99,,
911,912,438.13,Silver,5257.51,,
912,913,206.11,Bronze,2473.33,,
913,914,1814.53,Diamond,21774.32,,
914,915,2922.45,Diamond,35069.37,,
915,916,1086.83,Platinum,13041.92,,
916,917,437.1,Silver,5245.23,,
917,918,1120.93,Platinum,13451.12,,
918,919,1121.88,Platinum,13462.52,,
919,920,457.36,Silver,5488.26,,
920,921,360.03,Silver,4320.41,,
921,922,520.87,Silver,6250.44,,
922,923,2111.11,Diamond,25333.33,,
923,924,242.8,Bronze,2913.57,,
924,925,1002.69,Platinum,12032.33,,
925,926,1122.57,Platinum,13470.8,,
926,927,524.15,Silver,6289.75,,
927,928,243.92,Bronze,2927.06,,
928,929,519.86,Silver,6238.3,,
929,930,841.41,Gold,10096.97,,
930,931,612.34,Silver,7348.14,,
931,932,389.45,Silver,4673.39,,
932,933,1019.49,Platinum,12233.83,,
933,934,2675.72,Diamond,32108.66,,
934,935,747.15,Gold,8965.8,,
935,936,192.0,Bronze,2304.0,,
936,937,790.64,Gold,9487.64,,
937,938,93.49,Bronze,1121.87,,
938,939,795.8,Gold,9549.57,,
939,940,184.79,Bronze,2217.47,,
940,941,135.71,Bronze,1628.47,,
941,942,1081.91,Platinum,12982.87,,
942,943,972.84,Platinum,11674.13,,
943,944,596.67,Silver,7160.09,,
944,945,3253.94,Diamond,39047.29,,
945,946,529.9,Silver,6358.78,,
946,947,1661.12,Platinum,19933.46,,
947,948,961.24,Platinum,11534.87,,
948,949,3955.24,Diamond,47462.89,,
949,950,377.27,Silver,4527.18,,
950,951,3249.88,Diamond,38998.55,,
951,952,1667.47,Platinum,20009.63,,
952,953,322.98,Bronze,3875.73,,
953,954,3499.96,Diamond,41999.52,,
954,955,1050.82,Platinum,12609.89,,
955,956,3419.52,Diamond,41034.22,,
956,957,2372.41,Diamond,28468.92,,
957,958,227.51,Bronze,2730.11,,
958,959,279.44,Bronze,3353.28,,
959,960,1206.22,Platinum,14474.68,,
960,961,791.71,Gold,9500.57,,
961,962,2205.59,Diamond,26467.1,,
962,963,395.53,Silver,4746.34,,
963,964,1997.28,Diamond,23967.38,,
964,965,626.5,Gold,7518.03,,
965,966,273.32,Bronze,3279.87,,
966,967,716.4,Gold,8596.83,,
967,968,891.89,Gold,10702.64,,
968,969,416.03,Silver,4992.38,,
969,970,210.65,Bronze,2527.82,,
970,971,146.61,Bronze,1759.34,,
971,972,193.55,Bronze,2322.62,,
972,973,1344.9,Platinum,16138.76,,
973,974,650.35,Gold,7804.16,,
974,975,241.91,Bronze,2902.91,,
975,976,808.72,Gold,9704.67,,
976,977,407.42,Silver,4889.04,,
977,978,2126.43,Diamond,25517.11,,
978,979,375.03,Silver,4500.34,,
979,980,1600.0,Platinum,19199.94,,
980,981,1399.7,Platinum,16796.41,,
981,982,409.59,Silver,4915.06,,
982,983,635.39,Gold,7624.63,,
983,984,700.84,Gold,8410.05,,
984,985,2361.68,Diamond,28340.19,,
985,986,376.57,Silver,4518.83,,
986,987,1214.32,Platinum,14571.89,,
987,988,281.58,Bronze,3378.91,,
988,989,595.4,Silver,7144.86,,
989,990,843.2,Gold,10118.42,,
990,991,457.04,Silver,5484.47,,
991,992,1368.37,Platinum,16420.49,,
992,993,665.54,Gold,7986.48,,
993,994,618.21,Gold,7418.52,,
994,995,1157.33,Platinum,13887.97,,
995,996,545.98,Silver,6551.75,,
996,997,438.98,Silver,5267.82,,
997,998,1446.81,Platinum,17361.77,,
998,999,2872.74,Diamond,34472.84,,
999,1000,164.41,Bronze,1972.95,,
1000,1001,1769.35,Diamond,21232.18,,
1001,1002,718.96,Gold,8627.54,,
1002,1003,369.45,Silver,4433.39,,
1003,1004,369.86,Silver,4438.26,,
1004,1005,2076.27,Diamond,24915.22,,
1005,1006,1936.79,Diamond,23241.47,,
1006,1007,829.81,Gold,9957.72,,
1007,1008,689.09,Gold,8269.04,,
1008,1009,1563.98,Platinum,18767.74,,
1009,1010,3048.36,Diamond,36580.28,,
1010,1011,730.44,Gold,8765.25,,
1011,1012,448.63,Silver,5383.54,,
1012,1013,1010.42,Platinum,12124.99,,
1013,1014,225.77,Bronze,2709.24,,
1014,1015,332.33,Bronze,3987.93,,
1015,1016,1041.27,Platinum,12495.29,,
1016,1017,2168.25,Diamond,26018.95,,
1017,1018,733.22,Gold,8798.59,,
1018,1019,2966.3,Diamond,35595.59,,
1019,1020,3517.6,Diamond,42211.14,,
1020,1021,142.59,Bronze,1711.03,,
1021,1022,714.16,Gold,8569.86,,
1022,1023,168.35,Bronze,2020.18,,
1023,1024,1370.91,Platinum,16450.89,,
1024,1025,1799.62,Diamond,21595.38,,
1025,1026,820.87,Gold,9850.43,,
1026,1027,573.16,Silver,6877.98,,
1027,1028,1806.44,Diamond,21677.28,,
1028,1029,3701.98,Diamond,44423.8,,
1029,1030,344.79,Silver,4137.52,,
1030,1031,1145.66,Platinum,13747.87,,
1031,1032,1079.17,Platinum,12950.07,,
1032,1033,1007.87,Platinum,12094.48,,
1033,1034,3123.7,Diamond,37484.45,,
1034,1035,3310.46,Diamond,39725.52,,
1035,1036,187.57,Bronze,2250.84,,
1036,1037,1874.47,Diamond,22493.66,,
1037,1038,1686.24,Platinum,20234.85,,
1038,1039,142.06,Bronze,1704.7,,
1039,1040,2789.65,Diamond,33475.82,,
1040,1041,263.45,Bronze,3161.45,,
1041,1042,949.51,Gold,11394.07,,
1042,1043,1823.4,Diamond,21880.82,,
1043,1044,610.42,Silver,7325.05,,
1044,1045,3708.45,Diamond,44501.4,,
1045,1046,299.51,Bronze,3594.17,,
1046,1047,3310.63,Diamond,39727.61,,
1047,1048,668.6,Gold,8023.14,,
1048,1049,1199.55,Platinum,14394.56,,
1049,1050,774.0,Gold,9288.03,,
1050,1051,2109.12,Diamond,25309.49,,
1051,1052,279.46,Bronze,3353.47,,
1052,1053,882.88,Gold,10594.5,,
1053,1054,689.79,Gold,8277.52,,
1054,1055,1494.11,Platinum,17929.3,,
1055,1056,206.75,Bronze,2480.98,,
1056,1057,371.89,Silver,4462.72,,
1057,1058,165.13,Bronze,1981.58,,
1058,1059,962.85,Platinum,11554.22,,
1059,1060,4080.85,Diamond,48970.25,,
1060,1061,545.68,Silver,6548.2,,
1061,1062,475.74,Silver,5708.87,,
1062,1063,587.12,Silver,7045.5,,
1063,1064,748.18,Gold,8978.19,,
1064,1065,479.78,Silver,5757.41,,
1065,1066,1195.82,Platinum,14349.85,,
1066,1067,910.74,Gold,10928.85,,
1067,1068,3322.64,Diamond,39871.7,,
1068,1069,1164.54,Platinum,13974.46,,
1069,1070,159.13,Bronze,1909.53,,
1070,1071,1008.05,Platinum,12096.65,,
1071,1072,1100.36,Platinum,13204.29,,
1072,1073,380.24,Silver,4562.84,,
1073,1074,712.61,Gold,8551.35,,
1074,1075,175.19,Bronze,2102.26,,
1075,1076,2889.35,Diamond,34672.15,,
1076,1077,1263.46,Platinum,15161.53,,
1077,1078,990.34,Platinum,11884.05,,
1078,1079,371.2,Silver,4454.4,,
1079,1080,487.99,Silver,5855.9,,
1080,1081,339.71,Silver,4076.5,,
1081,1082,1251.65,Platinum,15019.76,,
1082,1083,1585.27,Platinum,19023.26,,
1083,1084,899.7,Gold,10796.35,,
1084,1085,946.1,Gold,11353.23,,
1085,1086,812.41,Gold,9748.91,,
1086,1087,881.42,Gold,10577.09,,
1087,1088,3473.01,Diamond,41676.08,,
1088,1089,940.54,Gold,11286.54,,
1089,1090,299.29,Bronze,3591.48,,
1090,1091,2825.63,Diamond,33907.55,,
1091,1092,941.61,Gold,11299.34,,
1092,1093,380.1,Silver,4561.19,,
1093,1094,3720.1,Diamond,44641.2,,
1094,1095,139.55,Bronze,1674.63,,
1095,1096,1920.46,Diamond,23045.57,,
1096,1097,268.93,Bronze,3227.12,,
1097,1098,1398.02,Platinum,16776.3,,
1098,1099,937.78,Gold,11253.42,,
1099,1100,289.28,Bronze,3471.41,,
1100,1101,946.94,Gold,11363.28,,
1101,1102,1701.72,Diamond,20420.6,,
1102,1103,861.58,Gold,10338.93,,
1103,1104,749.01,Gold,8988.16,,
1104,1105,874.5,Gold,10493.95,,
1105,1106,242.01,Bronze,2904.09,,
1106,1107,717.11,Gold,8605.36,,
1107,1108,959.37,Platinum,11512.4,,
1108,1109,3495.77,Diamond,41949.24,,
1109,1110,2015.08,Diamond,24180.93,,
1110,1111,442.68,Silver,5312.17,,
1111,1112,199.68,Bronze,2396.1,,
1112,1113,900.62,Gold,10807.49,,
1113,1114,768.53,Gold,9222.4,,
1114,1115,3010.38,Diamond,36124.57,,
1115,1116,3190.23,Diamond,38282.75,,
1116,1117,474.45,Silver,5693.43,,
1117,1118,2847.19,Diamond,34166.27,,
1118,1119,695.6,Gold,8347.16,,
1119,1120,3888.45,Diamond,46661.44,,
1120,1121,1575.29,Platinum,18903.49,,
1121,1122,3408.68,Diamond,40904.2,,
1122,1123,1187.88,Platinum,14254.61,,
1123,1124,851.22,Gold,10214.64,,
1124,1125,486.38,Silver,5836.52,,
1125,1126,1196.53,Platinum,14358.36,,
1126,1127,144.08,Bronze,1728.9,,
1127,1128,715.19,Gold,8582.3,,
1128,1129,307.79,Bronze,3693.43,,
1129,1130,1725.75,Diamond,20709.02,,
1130,1131,832.59,Gold,9991.04,,
1131,1132,1639.44,Platinum,19673.34,,
1132,1133,923.8,Gold,11085.59,,
1133,1134,635.29,Gold,7623.52,,
1134,1135,264.69,Bronze,3176.29,,
1135,1136,308.7,Bronze,3704.35,,
1136,1137,3074.89,Diamond,36898.73,,
1137,1138,754.0,Gold,9048.03,,
1138,1139,662.88,Gold,7954.52,,
1139,1140,2259.83,Diamond,27117.99,,
1140,1141,528.17,Silver,6338.08,,
1141,1142,802.53,Gold,9630.4,,
1142,1143,940.76,Gold,11289.11,,
1143,1144,4382.57,Diamond,52590.83,,
1144,1145,188.46,Bronze,2261.57,,
1145,1146,899.33,Gold,10791.96,,
1146,1147,498.31,Silver,5979.73,,
1147,1148,183.64,Bronze,2203.74,,
1148,1149,1019.65,Platinum,12235.84,,
1149,1150,3411.77,Diamond,40941.29,,
1150,1151,469.2,Silver,5630.46,,
1151,1152,917.93,Gold,11015.17,,
1152,1153,602.35,Silver,7228.22,,
1153,1154,3310.23,Diamond,39722.75,,
1154,1155,1202.17,Platinum,14426.07,,
1155,1156,204.98,Bronze,2459.72,,
1156,1157,332.49,Bronze,3989.84,,
1157,1158,643.94,Gold,7727.25,,
1158,1159,427.02,Silver,5124.19,,
1159,1160,1580.26,Platinum,18963.17,,
1160,1161,183.4,Bronze,2200.83,,
1161,1162,596.13,Silver,7153.55,,
1162,1163,435.67,Silver,5227.99,,
1163,1164,915.21,Gold,10982.5,,
1164,1165,377.46,Silver,4529.48,,
1165,1166,389.22,Silver,4670.64,,
1166,1167,509.36,Silver,6112.35,,
1167,1168,1431.56,Platinum,17178.68,,
1168,1169,1873.22,Diamond,22478.6,,
1169,1170,924.47,Gold,11093.62,,
1170,1171,538.15,Silver,6457.84,,
1171,1172,369.49,Silver,4433.92,,
1172,1173,179.53,Bronze,2154.36,,
1173,1174,1990.64,Diamond,23887.66,,
1174,1175,541.41,Silver,6496.89,,
1175,1176,241.62,Bronze,2899.49,,
1176,1177,1612.53,Platinum,19350.37,,
1177,1178,637.56,Gold,7650.77,,
1178,1179,237.56,Bronze,2850.68,,
1179,1180,219.42,Bronze,2632.99,,
1180,1181,787.28,Gold,9447.38,,
1181,1182,1527.35,Platinum,18328.24,,
1182,1183,716.98,Gold,8603.82,,
1183,1184,3122.11,Diamond,37465.34,,
1184,1185,1153.73,Platinum,13844.8,,
1185,1186,1814.28,Diamond,21771.34,,
1186,1187,1093.89,Platinum,13126.68,,
1187,1188,443.95,Silver,5327.4,,
1188,1189,1143.79,Platinum,13725.47,,
1189,1190,1084.93,Platinum,13019.16,,
1190,1191,722.6,Gold,8671.19,,
1191,1192,344.51,Silver,4134.08,,
1192,1193,1569.89,Platinum,18838.7,,
1193,1194,2775.63,Diamond,33307.55,,
1194,1195,474.99,Silver,5699.84,,
1195,1196,532.8,Silver,6393.6,,
1196,1197,411.22,Silver,4934.7,,
1197,1198,516.56,Silver,6198.75,,
1198,1199,727.77,Gold,8733.23,,
1199,1200,171.28,Bronze,2055.32,,
1200,1201,830.34,Gold,9964.06,,
1201,1202,1518.62,Platinum,18223.45,,
1202,1203,426.38,Silver,5116.5,,
1203,1204,3075.88,Diamond,36910.61,,
1204,1205,3201.29,Diamond,38415.47,,
1205,1206,1691.4,Diamond,20296.86,,
1206,1207,1028.93,Platinum,12347.17,,
1207,1208,447.78,Silver,5373.36,,
1208,1209,1963.58,Diamond,23563.02,,
1209,1210,141.87,Bronze,1702.46,,
1210,1211,900.57,Gold,10806.84,,
1211,1212,329.67,Bronze,3956.07,,
1212,1213,1074.17,Platinum,12890.06,,
1213,1214,451.3,Silver,5415.66,,
1214,1215,338.18,Silver,4058.12,,
1215,1216,3471.8,Diamond,41661.6,,
1216,1217,628.1,Gold,7537.16,,
1217,1218,393.18,Silver,4718.2,,
1218,1219,549.46,Silver,6593.51,,
1219,1220,703.56,Gold,8442.67,,
1220,1221,2177.14,Diamond,26125.67,,
1221,1222,571.54,Silver,6858.48,,
1222,1223,399.64,Silver,4795.66,,
1223,1224,553.38,Silver,6640.54,,
1224,1225,596.83,Silver,7162.01,,
1225,1226,882.85,Gold,10594.23,,
1226,1227,994.86,Platinum,11938.26,,
1227,1228,5001.78,Diamond,60021.4,,
1228,1229,1680.61,Platinum,20167.34,,
1229,1230,1039.98,Platinum,12479.71,,
1230,1231,945.46,Gold,11345.52,,
1231,1232,709.65,Gold,8515.76,,
1232,1233,224.96,Bronze,2699.57,,
1233,1234,1204.15,Platinum,14449.85,,
1234,1235,1018.7,Platinum,12224.35,,
1235,1236,582.13,Silver,6985.51,,
1236,1237,269.87,Bronze,3238.44,,
1237,1238,3939.15,Diamond,47269.85,,
1238,1239,4131.47,Diamond,49577.66,,
1239,1240,358.02,Silver,4296.27,,
1240,1241,264.3,Bronze,3171.61,,
1241,1242,94.66,Bronze,1135.94,,
1242,1243,467.95,Silver,5615.37,,
1243,1244,758.48,Gold,9101.8,,
1244,1245,504.93,Silver,6059.17,,
1245,1246,136.16,Bronze,1633.96,,
1246,1247,3133.96,Diamond,37607.53,,
1247,1248,1554.04,Platinum,18648.42,,
1248,1249,103.46,Bronze,1241.56,,
1249,1250,1352.74,Platinum,16232.85,,
1250,1251,1319.07,Platinum,15828.82,,
1251,1252,367.93,Silver,4415.16,,
1252,1253,539.5,Silver,6474.01,,
1253,1254,953.06,Platinum,11436.74,,
1254,1255,942.16,Gold,11305.93,,
1255,1256,2505.3,Diamond,30063.58,,
1256,1257,849.81,Gold,10197.77,,
1257,1258,378.69,Silver,4544.23,,
1258,1259,273.1,Bronze,3277.16,,
1259,1260,564.18,Silver,6770.19,,
1260,1261,611.48,Silver,7337.75,,
1261,1262,864.24,Gold,10370.91,,
1262,1263,2243.88,Diamond,26926.51,,
1263,1264,892.04,Gold,10704.47,,
1264,1265,2854.5,Diamond,34254.05,,
1265,1266,156.71,Bronze,1880.49,,
1266,1267,717.94,Gold,8615.3,,
1267,1268,274.38,Bronze,3292.53,,
1268,1269,251.82,Bronze,3021.81,,
1269,1270,1206.53,Platinum,14478.33,,
1270,1271,395.59,Silver,4747.05,,
1271,1272,1420.28,Platinum,17043.34,,
1272,1273,913.28,Gold,10959.33,,
1273,1274,228.5,Bronze,2741.95,,
1274,1275,363.09,Silver,4357.04,,
1275,1276,1871.84,Diamond,22462.04,,
1276,1277,349.09,Silver,4189.11,,
1277,1278,690.31,Gold,8283.68,,
1278,1279,2044.64,Diamond,24535.7,,
1279,1280,1190.29,Platinum,14283.46,,
1280,1281,143.36,Bronze,1720.35,,
1281,1282,3950.32,Diamond,47403.88,,
1282,1283,711.22,Gold,8534.67,,
1283,1284,311.05,Bronze,3732.63,,
1284,1285,456.04,Silver,5472.45,,
1285,1286,3195.38,Diamond,38344.57,,
1286,1287,595.62,Silver,7147.47,,
1287,1288,594.49,Silver,7133.9,,
1288,1289,2902.39,Diamond,34828.65,,
1289,1290,126.28,Bronze,1515.34,,
1290,1291,775.16,Gold,9301.89,,
1291,1292,994.26,Platinum,11931.13,,
1292,1293,163.73,Bronze,1964.78,,
1293,1294,142.41,Bronze,1708.93,,
1294,1295,361.7,Silver,4340.44,,
1295,1296,438.46,Silver,5261.47,,
1296,1297,225.9,Bronze,2710.83,,
1297,1298,5216.07,Diamond,62592.87,,
1298,1299,3893.18,Diamond,46718.16,,
1299,1300,267.4,Bronze,3208.79,,
1300,1301,3152.48,Diamond,37829.72,,
1301,1302,1771.62,Diamond,21259.38,,
1302,1303,205.38,Bronze,2464.62,,
1303,1304,1342.94,Platinum,16115.3,,
1304,1305,1789.37,Diamond,21472.48,,
1305,1306,2825.05,Diamond,33900.65,,
1306,1307,573.0,Silver,6875.96,,
1307,1308,578.41,Silver,6940.91,,
1308,1309,380.95,Silver,4571.41,,
1309,1310,378.02,Silver,4536.26,,
1310,1311,3033.13,Diamond,36397.58,,
1311,1312,1563.82,Platinum,18765.88,,
1312,1313,939.36,Gold,11272.33,,
1313,1314,144.31,Bronze,1731.68,,
1314,1315,96.96,Bronze,1163.46,,
1315,1316,1624.73,Platinum,19496.72,,
1316,1317,600.14,Silver,7201.7,,
1317,1318,452.08,Silver,5425.02,,
1318,1319,2341.78,Diamond,28101.33,,
1319,1320,1081.78,Platinum,12981.35,,
1320,1321,3658.03,Diamond,43896.38,,
1321,1322,353.32,Silver,4239.89,,
1322,1323,1095.28,Platinum,13143.34,,
1323,1324,587.5,Silver,7050.02,,
1324,1325,781.49,Gold,9377.9,,
1325,1326,1866.31,Diamond,22395.74,,
1326,1327,860.43,Gold,10325.21,,
1327,1328,1052.43,Platinum,12629.17,,
1328,1329,899.66,Gold,10795.94,,
1329,1330,950.97,Platinum,11411.68,,
1330,1331,883.38,Gold,10600.55,,
1331,1332,183.83,Bronze,2205.98,,
1332,1333,135.82,Bronze,1629.83,,
1333,1334,167.33,Bronze,2007.94,,
